DayDate,Year,Month,Weekday,DayOfYear,Admits_7a_7p,Admits_7p_7a,Total_Admits,Discharges_7a_7p,Discharges_7p_7a,Total_Discharges,Inpatient_Count,Avg_Acuity,Avg_Age,Avg_LOS_days,Avg_LOS_hours,Median_Acuity,Median_Age,Median_LOS_days,Median_LOS_hours,ED_EC,ED_TC,ED_JC,ED_CHH,ED_OTH,Adm_Count,Obs_Count,Total_By_HospitalArea,HA_10152,HA_10153,HA_10160,HA_3050000001,HA_10152_Telemetry,HA_10153_Telemetry,HA_10160_Telemetry,HA_3050000001_Telemetry,Total_Census,Mean_CapacityPct,Mean_CapacityPct_RA7,Max_CapacityPct,Max_CapacityPct_RA7,ICU_Census,ICU_Peak,ICU_Census_10152,ICU_Census_10153,ICU_Census_10160,ICU_Capacity95,ICU_CapacityPct,ICU_CapacityPct_RA7,HS1_Medicine,HS2_Hospitalist_,HS3_Internal_Medicine,HS4_Family_Medicine,HS5_Surgery,HS6_Pulmonary,HS7_Neurology,HS8_Trauma,HS9_Nephrology,HS10_Cardiology
2025-06-21,2025,6,7,172,64,46,110,85,12,97,115,2.5,60.4,5.6,135.1,2.0,64.0,3.0,67.0,17,51,26,21,0,107,8,115,57,31,21,6,25,16,0,2,603,0.88,0.85,0.92,0.93,130,130,102,13,9,153,0.849673202614379,0.8674136321195,68,10,10,4,5,7,1,4,0,0
2025-06-22,2025,6,1,173,42,53,95,85,4,89,84,2.5,56.1,4.9,119.9,3.0,56.5,3.0,74.0,12,38,14,20,0,81,3,84,43,20,20,1,16,11,0,1,598,0.84,0.85,0.89,0.93,130,131,101,14,8,153,0.856209150326797,0.872082166199789,40,11,12,7,1,3,1,4,0,0
2025-06-23,2025,6,2,174,52,53,105,64,14,78,118,2.5,60.1,4.2,101.6,3.0,63.0,3.0,69.0,20,48,27,23,0,111,7,118,60,31,23,4,26,15,0,1,636,0.92,0.86,0.96,0.94,129,129,98,17,8,153,0.843137254901961,0.873015873015853,59,19,19,3,3,3,1,3,0,2
2025-06-24,2025,6,3,175,75,47,122,130,16,146,112,2.5,60.2,4.4,108.3,2.0,60.0,3.0,66.5,13,53,24,22,0,107,5,112,61,27,22,2,25,11,0,0,604,0.87,0.85,0.89,0.92,141,141,106,18,9,153,0.92156862745098,0.882352941176448,58,13,16,4,3,3,1,5,1,2
2025-06-25,2025,6,4,176,99,54,153,119,15,134,159,2.6,57.3,4.9,118.9,3.0,59.0,2.0,53.0,20,69,32,38,0,150,9,159,75,44,38,2,29,18,0,0,630,0.9,0.86,0.97,0.92,136,136,107,12,10,153,0.888888888888889,0.8814192343604,80,24,25,9,5,3,4,5,0,1
2025-06-26,2025,6,5,177,78,60,138,139,27,166,131,2.5,59.5,4.9,121.0,3.0,59.0,4.0,90.0,19,58,27,27,0,117,14,131,67,33,27,4,30,18,0,1,598,0.9,0.87,0.96,0.91,138,139,101,19,11,153,0.908496732026144,0.884220354808576,56,21,32,4,3,4,1,5,0,1
2025-06-27,2025,6,6,178,77,41,118,120,23,143,121,2.5,59.9,5.5,133.9,3.0,60.0,3.0,82.0,18,50,27,26,0,113,8,121,55,39,26,1,34,17,0,1,573,0.81,0.87,0.87,0.9,145,146,107,20,13,153,0.954248366013072,0.888888888888882,67,17,8,8,2,5,6,2,1,1
2025-06-28,2025,6,7,179,70,50,120,75,8,83,121,2.5,59.3,5.0,121.6,3.0,63.0,3.0,73.0,16,67,27,11,0,112,9,121,74,35,11,1,31,16,0,0,609,0.85,0.87,0.97,0.91,130,132,98,15,12,153,0.862745098039216,0.89075630252101,71,11,16,2,3,5,2,4,2,2
2025-06-29,2025,6,1,180,74,38,112,71,14,85,114,2.5,57.6,4.4,107.4,3.0,59.5,3.0,65.5,15,53,18,28,0,110,4,114,63,21,28,2,35,6,0,2,641,0.9,0.88,1.01,0.93,129,130,101,15,9,153,0.849673202614379,0.889822595704946,56,16,15,9,4,1,6,4,0,0
2025-06-30,2025,6,2,181,97,48,145,103,21,124,140,2.6,57.4,4.9,118.9,3.0,59.0,2.5,62.5,21,62,37,20,0,130,10,140,79,39,20,2,24,16,0,0,657,0.92,0.88,1.05,0.94,138,139,102,21,11,153,0.908496732026144,0.89915966386554,77,13,18,2,7,6,4,4,0,0
2025-07-01,2025,7,3,182,85,48,133,148,24,172,139,2.4,56.3,4.0,97.6,2.0,59.0,2.0,52.0,19,59,32,29,0,129,10,139,71,35,29,4,36,15,0,3,623,0.9,0.88,0.99,0.96,149,149,115,17,10,153,0.973856209150327,0.906629318394023,64,24,14,8,3,6,7,5,1,3
2025-07-02,2025,7,4,183,81,51,132,135,21,156,127,2.5,60.3,4.2,102.8,3.0,59.0,3.0,74.0,19,50,27,31,0,120,7,127,64,30,31,2,22,11,0,0,594,0.86,0.88,0.94,0.96,143,145,109,17,9,153,0.947712418300654,0.915032679738553,65,15,16,8,6,3,1,5,1,0
2025-07-03,2025,7,5,184,72,29,101,163,25,188,113,2.6,59.4,2.8,69.1,3.0,62.0,3.0,68.0,15,57,26,15,0,101,12,113,65,32,15,1,29,14,0,0,518,0.76,0.86,0.89,0.96,138,139,105,14,9,153,0.908496732026144,0.915032679738553,56,17,16,5,3,2,2,6,1,1
2025-07-04,2025,7,6,185,66,45,111,69,9,78,105,2.6,58.7,4.0,97.3,3.0,61.0,3.0,72.0,11,52,24,18,0,99,6,105,57,30,18,0,23,11,0,0,546,0.77,0.85,0.9,0.96,132,132,98,15,9,153,0.862745098039216,0.901960784313717,51,13,10,7,5,5,3,8,0,0
2025-07-05,2025,7,7,186,88,49,137,64,11,75,134,2.5,58.0,4.5,110.3,2.0,59.0,3.0,71.0,26,61,26,21,0,120,14,134,79,31,21,3,45,14,0,0,603,0.84,0.85,0.99,0.97,138,139,104,17,9,153,0.908496732026144,0.908496732026135,65,22,20,5,4,4,7,2,0,1
2025-07-06,2025,7,1,187,79,45,124,75,8,83,131,2.4,57.7,4.7,114.7,2.0,60.0,3.0,75.0,14,69,25,23,0,123,8,131,78,30,23,0,37,14,0,0,650,0.87,0.85,1.04,0.97,130,130,99,18,7,153,0.849673202614379,0.908496732026135,60,13,20,6,5,6,5,6,2,0
2025-07-07,2025,7,2,188,81,59,140,110,29,139,131,2.5,60.6,5.3,129.6,3.0,63.0,3.0,66.0,14,59,28,30,0,117,14,131,71,28,30,2,26,16,0,1,644,0.87,0.84,0.99,0.95,135,138,105,17,6,153,0.901960784313726,0.907563025210071,53,24,20,5,3,3,6,10,0,0
2025-07-08,2025,7,3,189,76,52,128,126,30,156,127,2.5,58.0,3.9,95.0,3.0,59.0,3.0,64.0,14,58,30,25,0,119,8,127,66,33,25,3,23,15,0,0,616,0.86,0.83,0.94,0.94,144,149,108,18,9,153,0.973856209150327,0.907563025210071,56,18,23,6,2,3,1,6,1,0
2025-07-09,2025,7,4,190,85,46,131,118,19,137,139,2.6,58.9,4.8,118.2,3.0,60.0,3.0,75.0,23,52,29,35,0,129,10,139,74,30,35,0,35,13,0,0,598,0.89,0.85,0.92,0.93,149,151,107,20,12,153,0.986928104575163,0.91316526610644,68,29,12,8,2,2,7,3,1,1
2025-07-10,2025,7,5,191,93,43,136,120,24,144,129,2.5,59.6,4.7,113.6,2.5,62.0,4.0,92.0,16,61,31,21,0,123,6,129,69,34,21,5,25,15,0,1,601,0.85,0.85,0.92,0.93,145,146,105,20,12,153,0.954248366013072,0.919701213818858,70,12,16,3,6,6,3,3,0,2
2025-07-11,2025,7,6,192,78,41,119,107,29,136,128,2.5,57.5,4.3,103.4,3.0,60.0,3.0,65.5,16,61,30,21,0,118,10,128,67,38,21,2,27,16,0,1,596,0.86,0.86,0.94,0.94,138,139,102,20,8,153,0.908496732026144,0.926237161531276,63,23,14,6,3,3,1,6,0,0
2025-07-12,2025,7,7,193,65,48,113,87,15,102,102,2.6,56.9,4.6,111.1,3.0,61.0,3.0,70.5,14,48,23,17,0,95,7,102,59,26,17,0,30,14,0,0,594,0.84,0.86,0.93,0.93,125,126,97,15,7,153,0.823529411764706,0.914098972922505,46,14,19,9,4,4,0,3,0,1
2025-07-13,2025,7,1,194,79,45,124,71,7,78,124,2.6,59.0,4.4,105.9,3.0,59.0,3.0,68.0,17,54,22,31,0,115,9,124,68,23,31,2,28,11,0,2,641,0.9,0.86,1.0,0.93,121,121,95,15,7,153,0.790849673202614,0.905695611577975,60,16,18,7,6,6,2,1,1,1
2025-07-14,2025,7,2,195,79,38,117,141,15,156,122,2.6,62.7,3.7,91.1,3.0,64.5,3.0,63.0,20,55,19,28,0,118,4,122,69,23,28,2,30,15,0,1,607,0.85,0.86,0.92,0.92,138,138,100,21,11,153,0.901960784313726,0.905695611577975,61,15,16,5,6,5,6,1,0,0
2025-07-15,2025,7,3,196,76,54,130,118,16,134,122,2.5,62.2,4.0,96.4,2.5,64.0,3.0,68.5,16,52,30,24,0,114,8,122,62,34,24,2,23,14,0,2,595,0.85,0.86,0.91,0.91,138,138,99,18,12,153,0.901960784313726,0.895424836601316,67,21,7,7,1,9,3,1,0,0
2025-07-16,2025,7,4,197,71,50,121,110,18,128,128,2.6,58.8,4.5,109.2,3.0,61.0,3.0,70.0,16,62,29,21,0,119,9,128,71,34,21,2,29,18,0,0,594,0.84,0.86,0.91,0.91,141,142,102,18,12,153,0.928104575163399,0.887021475256769,53,28,16,7,4,3,5,2,2,3
2025-07-17,2025,7,5,198,78,46,124,122,17,139,121,2.4,60.7,5.0,121.1,2.0,61.0,4.0,89.0,11,52,30,28,0,113,8,121,59,32,28,2,28,21,0,2,576,0.82,0.85,0.89,0.92,142,142,105,18,12,153,0.928104575163399,0.883286647992528,46,20,26,8,2,7,2,5,1,2
2025-07-18,2025,7,6,199,65,39,104,113,18,131,114,2.6,60.9,3.6,89.8,3.0,61.0,3.0,73.0,21,49,21,23,0,107,7,114,63,27,23,1,34,15,0,0,559,0.76,0.84,0.87,0.91,141,143,103,20,12,153,0.934640522875817,0.887021475256769,46,16,21,9,4,3,3,5,1,2
2025-07-19,2025,7,7,200,77,44,121,80,9,89,114,2.5,59.5,4.2,104.3,3.0,62.5,3.0,76.0,10,61,23,20,0,111,3,114,66,27,20,1,27,12,0,1,583,0.78,0.83,0.92,0.9,136,136,103,18,10,153,0.888888888888889,0.896358543417364,51,24,8,8,4,6,2,9,0,0
2025-07-20,2025,7,1,201,52,41,93,71,9,80,98,2.6,54.8,4.1,101.6,3.0,52.5,3.0,70.0,13,45,20,20,0,93,5,98,56,20,20,2,25,7,0,1,601,0.82,0.82,0.96,0.9,130,132,101,15,9,153,0.862745098039216,0.906629318394023,42,21,10,7,5,0,2,5,0,0
2025-07-21,2025,7,2,202,76,43,119,95,23,118,113,2.6,59.6,3.3,81.5,3.0,61.0,3.0,65.0,8,57,25,23,0,98,15,113,65,24,23,1,31,13,0,0,597,0.82,0.81,0.91,0.91,135,135,105,16,8,153,0.882352941176471,0.903828197945846,48,27,13,5,3,3,5,5,0,0
2025-07-22,2025,7,3,203,85,37,122,120,10,130,130,2.5,61.1,4.9,118.4,3.0,63.5,3.0,75.0,17,56,29,28,0,124,6,130,61,37,28,4,29,17,0,1,596,0.84,0.81,0.91,0.9,148,149,111,19,8,153,0.973856209150327,0.914098972922505,65,23,12,4,3,6,9,4,0,0
2025-07-23,2025,7,4,204,72,46,118,115,13,128,115,2.6,59.8,3.9,95.2,3.0,61.0,2.0,60.0,19,51,27,18,0,107,8,115,57,37,18,3,23,16,0,1,585,0.82,0.81,0.9,0.9,144,144,111,16,8,153,0.941176470588235,0.915966386554633,51,23,17,6,2,6,1,6,0,1
2025-07-24,2025,7,5,205,64,50,114,107,27,134,106,2.5,60.4,4.3,105.3,2.5,64.0,3.0,74.0,13,55,22,16,0,100,6,106,59,30,16,1,30,15,0,0,559,0.76,0.8,0.88,0.89,141,144,109,16,9,153,0.941176470588235,0.917833800186762,52,11,12,7,3,4,2,6,1,0
2025-07-25,2025,7,6,206,72,31,103,112,16,128,114,2.6,60.1,5.1,123.3,3.0,64.5,3.0,81.5,11,49,27,27,0,101,13,114,52,34,27,1,19,19,0,0,543,0.73,0.8,0.84,0.89,143,147,104,19,11,153,0.96078431372549,0.921568627451003,47,22,12,13,6,6,2,2,1,0
2025-07-26,2025,7,7,207,65,37,102,104,11,115,101,2.6,60.4,3.5,85.0,3.0,62.0,3.0,69.0,11,57,17,16,0,94,7,101,61,23,16,1,30,9,0,1,528,0.71,0.79,0.85,0.88,132,132,105,14,8,153,0.862745098039216,0.917833800186762,58,12,8,6,4,4,1,1,3,2
2025-07-27,2025,7,1,208,74,47,121,53,9,62,114,2.5,54.5,3.2,79.6,3.0,54.5,3.0,68.5,18,59,17,20,0,109,5,114,69,24,20,1,28,12,0,0,583,0.77,0.78,0.92,0.89,131,134,106,11,8,153,0.875816993464052,0.919701213818874,62,12,14,5,4,0,3,6,3,1
2025-07-28,2025,7,2,209,91,39,130,88,23,111,137,2.6,58.1,4.4,105.2,3.0,59.0,3.0,66.0,24,61,26,26,0,130,7,137,72,37,26,2,27,19,0,1,609,0.81,0.78,0.95,0.89,123,123,99,10,10,153,0.803921568627451,0.908496732026151,52,22,32,6,5,4,5,3,0,0
2025-07-29,2025,7,3,210,81,59,140,114,18,132,127,2.6,55.7,4.2,101.9,3.0,57.0,3.0,66.0,17,50,32,28,0,119,8,127,52,43,28,4,20,21,0,2,599,0.82,0.78,0.93,0.89,132,133,99,17,9,153,0.869281045751634,0.893557422969203,53,22,18,9,5,5,2,4,1,1
2025-07-30,2025,7,4,211,83,50,133,127,19,146,143,2.6,62.1,5.0,123.4,3.0,64.0,3.0,86.0,18,68,27,30,0,134,9,143,80,32,30,1,37,18,0,0,600,0.8,0.77,0.92,0.9,140,140,107,17,10,153,0.915032679738562,0.889822595704962,65,26,18,8,8,4,5,3,4,0
2025-07-31,2025,7,5,212,76,39,115,121,21,142,121,2.6,62.1,4.0,98.3,3.0,66.0,3.0,86.0,17,55,30,19,0,111,10,121,70,30,19,2,30,14,0,1,579,0.76,0.77,0.9,0.9,145,146,110,17,11,153,0.954248366013072,0.891690009337075,53,16,22,7,5,3,1,1,3,1
2025-08-01,2025,8,6,213,91,35,126,110,16,126,124,2.5,61.2,3.8,92.2,3.0,64.0,4.0,87.0,19,56,23,26,0,119,5,124,70,26,26,2,31,10,0,0,576,0.74,0.77,0.91,0.91,140,141,107,16,9,153,0.92156862745098,0.886087768440705,54,20,16,10,3,5,5,3,2,2
2025-08-02,2025,8,7,214,58,37,95,84,6,90,94,2.6,58.9,4.0,98.6,3.0,61.0,3.0,72.5,13,42,20,19,0,86,8,94,46,26,19,3,26,6,0,0,578,0.76,0.78,0.9,0.92,123,125,102,11,6,153,0.816993464052288,0.879551820728287,35,17,15,10,2,3,4,4,1,0
2025-08-03,2025,8,1,215,63,40,103,73,8,81,95,2.5,55.5,2.2,55.8,2.0,57.0,3.0,66.0,12,55,13,15,0,90,5,95,61,16,15,3,28,7,0,3,592,0.78,0.78,0.93,0.92,116,118,95,11,6,153,0.77124183006536,0.864612511671339,48,15,12,2,4,2,3,6,0,0
2025-08-04,2025,8,2,216,79,45,124,110,12,122,130,2.5,58.1,5.2,125.1,3.0,60.0,3.0,68.0,20,61,28,21,0,118,12,130,64,40,21,5,21,15,0,2,601,0.81,0.78,0.93,0.91,122,123,100,11,5,153,0.803921568627451,0.864612511671339,72,17,9,5,7,5,3,6,1,0
2025-08-05,2025,8,3,217,70,41,111,122,19,141,114,2.5,61.1,3.7,91.4,2.0,62.0,2.0,63.0,17,49,30,18,0,104,10,114,56,39,18,1,26,15,0,0,572,0.77,0.77,0.9,0.91,125,128,97,13,6,153,0.836601307189543,0.859943977591034,64,16,9,5,3,5,2,3,1,0
2025-08-06,2025,8,4,218,95,47,142,142,13,155,138,2.5,58.1,3.8,94.3,3.0,60.0,3.0,72.0,22,55,32,29,0,129,9,138,69,40,29,0,33,16,0,0,541,0.8,0.82,0.88,0.9,139,142,108,15,7,153,0.928104575163399,0.861811391223146,65,17,19,8,5,4,3,7,0,2
2025-08-07,2025,8,5,219,68,61,129,121,22,143,123,2.6,56.8,3.5,84.7,3.0,58.0,3.0,63.0,16,66,24,17,0,117,6,123,77,27,17,2,31,18,0,2,538,0.71,0.76,0.86,0.89,129,130,101,12,6,153,0.849673202614379,0.846872082166182,53,16,23,5,6,3,2,6,2,0
2025-08-08,2025,8,6,220,80,47,127,135,20,155,130,2.5,59.8,4.3,105.3,3.0,60.5,3.0,72.0,16,62,22,30,0,123,7,130,73,27,30,0,31,12,0,0,512,0.67,0.75,0.8,0.88,127,130,97,15,6,153,0.849673202614379,0.836601307189523,72,7,13,13,5,4,5,4,1,1
2025-08-09,2025,8,7,221,72,45,117,70,9,79,112,2.5,60.0,4.6,113.0,3.0,62.0,3.0,81.0,14,50,22,26,0,104,8,112,60,25,26,1,21,12,0,0,543,0.71,0.74,0.85,0.87,134,137,104,14,8,153,0.895424836601307,0.84780578898223,61,7,12,8,5,6,2,1,0,2
2025-08-10,2025,8,1,222,83,45,128,73,15,88,133,2.6,58.6,4.5,108.2,3.0,59.0,3.0,72.0,21,57,28,27,0,126,7,133,66,39,27,1,28,15,0,1,588,0.78,0.74,0.89,0.86,133,134,100,16,10,153,0.875816993464052,0.862745098039178,64,23,18,9,2,2,5,3,2,0
2025-08-11,2025,8,2,223,96,59,155,103,20,123,151,2.6,59.4,4.1,99.3,3.0,60.0,3.0,66.0,24,60,35,32,0,135,16,151,78,40,32,1,28,22,0,0,617,0.84,0.75,0.99,0.86,133,135,98,18,10,153,0.882352941176471,0.873949579831901,79,19,14,11,3,3,7,6,0,0
2025-08-12,2025,8,3,224,82,50,132,126,20,146,135,2.4,59.9,3.3,80.4,2.0,62.0,2.0,64.0,21,61,29,24,0,126,9,135,75,34,24,2,25,14,0,2,607,0.83,0.76,0.93,0.86,135,137,101,16,9,153,0.895424836601307,0.882352941176431,72,15,25,4,2,4,4,2,0,1
2025-08-13,2025,8,4,225,92,52,144,133,22,155,136,2.6,60.8,4.3,105.3,3.0,60.5,3.0,68.5,19,63,30,24,0,123,13,136,77,34,24,1,36,13,0,1,589,0.8,0.76,0.93,0.87,138,139,106,16,8,153,0.908496732026144,0.879551820728255,60,24,25,8,6,1,2,5,1,1
2025-08-14,2025,8,5,226,80,53,133,138,16,154,138,2.6,57.1,4.7,114.1,3.0,58.5,3.0,86.0,16,72,27,23,0,128,10,138,89,26,23,0,31,8,0,0,572,0.77,0.77,0.95,0.87,144,144,110,17,10,153,0.941176470588235,0.892623716153106,70,10,33,7,4,3,1,3,1,2
2025-08-15,2025,8,6,227,92,50,142,126,25,151,147,2.5,56.9,4.1,100.3,3.0,59.0,4.0,85.0,24,70,29,24,0,137,10,147,88,34,24,1,32,15,0,1,566,0.74,0.78,0.88,0.89,140,140,105,18,8,153,0.915032679738562,0.901960784313717,66,21,23,8,5,4,6,2,0,0
2025-08-16,2025,8,7,228,65,42,107,93,11,104,106,2.5,56.8,4.1,100.0,3.0,58.0,3.0,77.0,14,51,24,17,0,96,10,106,59,28,17,2,27,17,0,1,569,0.78,0.79,0.9,0.91,136,136,108,15,5,153,0.888888888888889,0.901027077497669,52,21,16,3,3,1,2,4,2,0
2025-08-17,2025,8,1,229,60,36,96,60,11,71,100,2.5,58.8,3.4,85.6,3.0,59.0,3.0,65.5,12,53,18,17,0,91,9,100,61,21,17,1,29,9,0,0,598,0.82,0.8,0.93,0.92,136,137,105,14,7,153,0.895424836601307,0.903828197945846,44,17,13,4,4,4,1,8,2,0
2025-08-18,2025,8,2,230,79,51,130,108,24,132,132,2.5,57.8,3.5,86.8,3.0,60.0,3.0,66.5,22,72,18,20,0,123,9,132,82,30,20,0,37,19,0,0,599,0.8,0.79,0.93,0.91,136,136,108,13,7,153,0.888888888888889,0.90476190476191,64,8,28,6,5,1,9,6,0,0
2025-08-19,2025,8,3,231,92,42,134,115,19,134,131,2.6,61.9,3.7,90.8,3.0,64.0,3.0,68.0,19,50,25,37,0,119,12,131,58,35,37,1,26,18,0,1,595,0.81,0.79,0.89,0.9,139,139,110,12,9,153,0.908496732026144,0.906629318394039,69,17,20,3,7,3,6,1,1,1
2025-08-20,2025,8,4,232,76,49,125,121,20,141,120,2.5,61.2,3.8,93.5,3.0,63.0,3.0,67.5,15,53,32,20,0,109,11,120,62,38,20,0,23,16,0,0,576,0.77,0.78,0.9,0.9,146,148,108,20,9,153,0.967320261437909,0.915032679738569,59,19,15,6,4,6,1,5,1,0
2025-08-21,2025,8,5,233,79,37,116,120,25,145,121,2.4,59.4,5.4,131.5,2.0,59.0,4.0,89.0,17,58,22,24,0,109,12,121,68,27,24,2,27,14,0,1,553,0.75,0.78,0.82,0.88,137,142,103,17,11,153,0.928104575163399,0.91316526610644,45,12,27,10,3,5,1,8,0,1
2025-08-22,2025,8,6,234,75,46,121,119,23,142,117,2.5,58.5,4.3,104.7,3.0,57.0,3.0,76.0,17,50,23,27,0,113,4,117,56,32,27,2,22,12,0,1,528,0.73,0.78,0.79,0.87,137,137,102,17,11,153,0.895424836601307,0.910364145658247,63,11,17,11,6,1,2,4,0,0
2025-08-23,2025,8,7,235,60,48,108,101,5,106,106,2.6,58.8,3.7,93.0,3.0,59.0,3.0,74.5,11,51,29,15,0,92,14,106,57,33,15,1,26,10,0,0,526,0.74,0.77,0.8,0.86,134,134,104,14,10,153,0.875816993464052,0.908496732026119,46,14,18,6,6,2,4,5,0,1
2025-08-24,2025,8,1,236,79,43,122,75,9,84,129,2.5,59.4,5.0,121.5,3.0,62.0,3.0,71.0,16,57,27,29,0,116,13,129,71,29,29,0,30,13,0,0,557,0.83,0.81,0.85,0.85,127,128,101,12,6,153,0.836601307189543,0.900093370681589,56,15,17,10,5,7,3,8,0,1
2025-08-25,2025,8,2,237,91,50,141,119,9,128,145,2.6,59.1,4.3,105.4,3.0,62.0,3.0,70.0,17,64,26,38,0,135,10,145,73,33,38,1,24,15,0,0,586,0.81,0.77,0.87,0.84,134,135,109,12,5,153,0.882352941176471,0.899159663865524,65,22,15,11,8,6,2,1,1,2
2025-08-26,2025,8,3,238,93,46,139,123,13,136,134,2.6,60.5,4.2,99.6,3.0,63.5,3.0,72.0,15,62,25,32,0,122,12,134,73,28,32,1,35,14,0,0,586,0.8,0.77,0.87,0.83,136,139,109,13,8,153,0.908496732026144,0.899159663865524,66,15,20,6,5,5,5,8,0,0
2025-08-27,2025,8,4,239,87,44,131,121,15,136,130,2.5,58.5,4.7,115.5,3.0,62.5,3.0,69.5,17,64,28,21,0,123,7,130,78,31,21,0,28,16,0,0,582,0.79,0.77,0.9,0.83,136,140,105,13,8,153,0.915032679738562,0.891690009337058,61,24,21,3,6,6,1,1,0,1
2025-08-28,2025,8,5,240,86,31,117,132,13,145,127,2.6,58.7,5.1,123.7,3.0,58.0,3.0,80.0,12,67,22,26,0,124,3,127,76,25,26,0,31,15,0,0,564,0.74,0.77,0.85,0.84,144,144,108,16,10,153,0.941176470588235,0.893557422969187,47,27,25,11,4,5,2,4,0,0
2025-08-29,2025,8,6,241,79,43,122,123,23,146,116,2.6,60.5,4.5,108.8,3.0,62.5,4.0,90.0,20,44,25,27,0,110,6,116,53,36,27,0,25,20,0,0,531,0.72,0.77,0.88,0.83,137,138,102,18,11,153,0.901960784313726,0.894491129785251,45,26,15,12,3,4,3,3,0,1
2025-08-30,2025,8,7,242,61,36,97,81,7,88,89,2.6,56.6,3.9,96.0,3.0,60.0,3.0,76.0,20,45,10,14,0,86,3,89,58,17,14,0,26,6,0,0,532,0.7,0.77,0.86,0.85,133,134,102,14,11,153,0.875816993464052,0.894491129785251,42,5,20,5,6,2,1,5,0,0
2025-08-31,2025,8,1,243,69,56,125,80,16,96,122,2.4,59.0,4.7,113.9,2.0,61.0,3.0,88.0,13,61,24,24,0,114,8,122,69,29,24,0,30,15,0,0,551,0.85,0.84,0.93,0.87,127,129,99,14,9,153,0.843137254901961,0.895424836601316,66,6,21,8,4,5,4,6,0,0
2025-09-01,2025,9,2,244,73,46,119,69,10,79,125,2.6,57.8,5.5,133.9,3.0,59.0,3.0,75.0,15,72,16,22,0,119,6,125,83,19,22,1,32,7,0,0,605,0.79,0.76,0.98,0.89,132,134,107,12,10,153,0.875816993464052,0.894491129785251,61,16,22,1,6,5,1,3,2,0
2025-09-02,2025,9,3,245,82,46,128,103,20,123,135,2.6,62.5,4.0,97.6,3.0,64.0,3.0,70.0,16,59,27,33,0,130,5,135,64,37,33,1,25,21,0,1,618,0.81,0.76,1.02,0.91,137,137,106,15,10,153,0.895424836601307,0.892623716153123,60,19,31,4,3,4,3,4,0,1
2025-09-03,2025,9,4,246,95,52,147,132,12,144,142,2.4,58.6,3.7,88.9,2.0,61.5,3.0,70.5,21,63,36,22,0,130,12,142,78,42,22,0,36,16,0,0,602,0.89,0.86,0.93,0.91,144,150,101,16,10,153,0.980392156862745,0.901960784313717,48,23,30,7,6,8,3,5,1,0
2025-09-04,2025,9,5,247,75,41,116,122,19,141,119,2.6,61.2,4.3,103.3,3.0,64.0,3.0,67.0,13,60,28,18,0,106,13,119,64,34,18,3,27,14,0,1,595,0.79,0.77,0.9,0.9,136,136,96,13,8,153,0.888888888888889,0.894491129785235,53,19,16,11,3,2,6,4,1,0
2025-09-05,2025,9,6,248,82,54,136,149,21,170,130,2.5,60.4,5.1,124.5,2.0,62.0,3.0,75.5,14,65,25,26,0,124,6,130,72,31,26,1,30,14,0,0,556,0.74,0.77,0.89,0.87,145,146,101,16,6,153,0.954248366013072,0.901960784313717,62,18,16,11,4,5,5,4,1,0
2025-09-06,2025,9,7,249,72,40,112,103,8,111,116,2.5,58.7,4.4,108.5,2.0,62.5,4.0,90.5,18,58,24,16,0,111,5,116,71,29,16,0,30,15,0,0,558,0.72,0.77,0.86,0.88,136,136,94,17,3,153,0.888888888888889,0.903828197945846,55,16,19,4,4,5,3,5,0,1
2025-09-07,2025,9,1,250,84,41,125,71,5,76,122,2.5,58.0,3.9,95.5,3.0,61.0,3.0,68.5,15,60,24,23,0,112,10,122,68,31,23,0,32,16,0,0,594,0.87,0.86,0.94,0.9,137,138,99,14,4,153,0.901960784313726,0.912231559290376,55,16,22,8,3,5,5,5,0,0
2025-09-08,2025,9,2,251,92,48,140,109,27,136,138,2.6,61.6,4.8,117.7,3.0,64.0,3.0,68.5,18,60,31,29,0,135,3,138,68,39,29,2,28,18,0,0,609,0.81,0.77,0.96,0.9,147,149,94,20,10,153,0.973856209150327,0.926237161531276,59,15,30,8,6,7,3,5,1,1
2025-09-09,2025,9,3,252,79,39,118,123,17,140,126,2.6,60.2,3.6,88.2,3.0,63.5,3.0,68.5,17,57,23,29,0,116,10,126,67,28,29,2,25,14,0,0,590,0.79,0.77,0.93,0.91,154,155,103,17,10,153,1.01307189542484,0.943043884220352,58,13,27,8,5,5,2,3,0,1
2025-09-10,2025,9,4,253,88,41,129,130,14,144,126,2.7,58.4,5.1,124.5,3.0,59.0,2.5,60.5,16,58,24,28,0,119,7,126,69,28,28,1,22,21,0,0,574,0.76,0.77,0.9,0.91,151,151,97,17,8,153,0.986928104575163,0.943977591036417,54,14,31,7,5,4,1,4,0,0
2025-09-11,2025,9,5,254,82,46,128,130,17,147,124,2.6,61.3,3.8,93.0,3.0,65.0,2.0,64.0,14,53,27,30,0,110,14,124,64,29,30,1,35,7,0,1,552,0.76,0.77,0.9,0.91,151,153,100,16,7,153,1.0,0.959850606909429,50,26,26,10,3,2,1,3,0,1
2025-09-12,2025,9,6,255,83,58,141,131,22,153,138,2.6,57.2,4.0,96.0,3.0,58.5,3.0,74.5,18,70,24,26,0,133,5,138,80,31,26,1,31,13,0,1,537,0.74,0.77,0.84,0.9,144,146,97,15,6,153,0.954248366013072,0.959850606909429,65,20,33,4,7,2,1,2,0,1
2025-09-13,2025,9,7,256,79,42,121,92,13,105,127,2.4,57.7,5.1,123.8,2.0,59.0,3.0,73.0,20,65,22,20,0,119,8,127,77,30,20,0,38,16,0,0,558,0.74,0.77,0.83,0.9,141,142,99,11,5,153,0.928104575163399,0.965452847805783,60,12,19,10,2,3,4,7,1,0
2025-09-14,2025,9,1,257,55,50,105,65,14,79,107,2.4,60.4,4.1,100.2,2.0,62.0,3.0,72.0,14,49,20,24,0,96,11,107,53,28,24,2,21,13,0,2,587,0.79,0.77,0.88,0.89,133,133,89,13,7,153,0.869281045751634,0.960784313725493,33,18,28,6,3,2,3,8,2,0
2025-09-15,2025,9,2,258,92,46,138,109,14,123,133,2.5,60.9,4.8,115.2,3.0,63.0,3.0,71.0,16,60,34,23,0,118,15,133,67,42,23,1,24,22,0,1,594,0.79,0.77,0.9,0.88,144,145,97,14,6,153,0.947712418300654,0.957049486461252,51,14,38,5,5,2,4,7,2,0
2025-09-16,2025,9,3,259,85,52,137,127,14,141,131,2.6,60.4,4.8,117.9,3.0,61.0,2.0,66.0,13,59,37,22,0,123,8,131,64,42,22,3,27,28,0,2,585,0.79,0.77,0.95,0.88,147,149,95,17,7,153,0.973856209150327,0.951447245564899,52,16,28,5,2,10,5,3,1,1
2025-09-17,2025,9,4,260,79,50,129,112,13,125,139,2.6,60.9,3.6,87.6,3.0,63.0,3.0,67.0,16,50,38,35,0,130,9,139,64,38,35,2,28,14,0,0,598,0.81,0.77,1.0,0.9,147,149,97,18,10,153,0.973856209150327,0.94957983193277,41,26,32,15,1,7,2,5,2,0
2025-09-18,2025,9,5,261,87,45,132,141,18,159,130,2.5,55.7,5.1,121.4,2.0,56.0,4.0,96.0,18,64,28,20,0,124,6,130,76,32,20,2,29,15,0,2,571,0.78,0.78,0.93,0.9,157,159,103,21,11,153,1.03921568627451,0.955182072829124,57,23,18,8,7,2,2,6,2,1
2025-09-19,2025,9,6,262,83,44,127,123,17,140,131,2.5,56.4,4.7,113.8,2.0,58.0,4.0,89.0,19,72,25,15,0,125,6,131,83,32,15,1,28,18,0,0,561,0.74,0.78,0.87,0.9,158,159,104,23,10,153,1.03921568627451,0.967320261437895,60,17,26,5,3,4,5,4,3,0
2025-09-20,2025,9,7,263,66,48,114,94,4,98,108,2.6,60.2,4.4,108.8,3.0,62.0,3.0,81.5,9,59,17,23,0,100,8,108,63,22,23,0,27,13,0,0,570,0.73,0.78,0.87,0.9,149,151,99,20,9,153,0.986928104575163,0.975723622782441,36,15,26,7,5,2,2,5,4,2
2025-09-21,2025,9,1,264,57,33,90,67,8,75,94,2.6,61.3,5.0,123.2,3.0,64.5,3.0,71.5,18,38,15,23,0,87,7,94,49,20,23,2,20,12,0,0,590,0.75,0.77,0.91,0.9,148,149,97,19,9,153,0.973856209150327,0.990662931839389,43,13,20,3,0,2,4,3,0,0
2025-09-22,2025,9,2,265,80,56,136,116,22,138,122,2.6,59.7,4.5,109.3,3.0,58.5,3.0,69.0,22,55,19,26,0,114,8,122,66,25,26,5,29,15,0,2,575,0.77,0.77,0.87,0.88,151,152,99,21,12,153,0.993464052287582,0.997198879551807,42,12,34,9,6,5,5,3,1,0
2025-09-23,2025,9,3,266,77,51,128,113,20,133,137,2.6,59.9,4.3,104.8,3.0,63.0,3.0,69.0,15,72,22,28,0,129,8,137,80,29,28,0,36,15,0,0,579,0.75,0.76,0.88,0.87,153,155,103,18,13,153,1.01307189542484,1.00280112044816,50,25,28,8,2,9,3,6,0,2
2025-09-24,2025,9,4,267,96,46,142,127,23,150,141,2.6,56.3,4.7,115.6,3.0,56.0,3.0,64.0,25,64,34,18,0,129,12,141,81,42,18,0,35,23,0,0,576,0.71,0.75,0.9,0.88,149,152,101,18,12,153,0.993464052287582,1.00560224089634,60,16,29,8,6,5,6,1,1,0
2025-09-25,2025,9,5,268,90,40,130,100,23,123,136,2.6,59.2,4.2,101.6,3.0,63.0,4.0,88.0,17,58,29,32,0,126,10,136,74,30,32,0,35,13,0,0,581,0.69,0.73,0.91,0.89,142,143,96,17,11,153,0.934640522875817,0.990662931839389,61,15,26,15,4,3,4,5,0,0
2025-09-26,2025,9,6,269,81,42,123,129,15,144,119,2.5,59.8,4.1,99.8,3.0,63.0,3.0,82.0,17,55,28,19,0,107,12,119,68,29,19,3,31,16,0,2,557,0.68,0.73,0.87,0.89,141,143,94,18,11,153,0.934640522875817,0.975723622782441,45,17,28,10,3,6,4,2,1,1
2025-09-27,2025,9,7,270,74,45,119,73,10,83,118,2.6,57.1,4.6,113.5,3.0,59.5,3.0,73.0,18,57,29,14,0,111,7,118,65,38,14,1,28,20,0,1,591,0.71,0.72,0.93,0.9,133,134,89,13,13,153,0.875816993464052,0.959850606909413,45,20,25,6,2,4,3,8,1,1
2025-09-28,2025,9,1,271,68,47,115,84,7,91,114,2.6,59.2,4.2,102.5,3.0,62.0,3.0,71.0,15,57,29,13,0,106,8,114,67,31,13,3,25,18,0,2,616,0.74,0.72,0.97,0.91,132,132,90,13,13,153,0.862745098039216,0.943977591036401,35,17,36,4,6,2,3,4,2,2
2025-09-29,2025,9,2,272,85,42,127,118,21,139,130,2.6,57.0,4.6,111.7,3.0,58.0,3.0,74.0,11,62,29,28,0,112,18,130,69,31,28,2,30,17,0,1,605,0.73,0.72,0.95,0.92,138,138,96,15,11,153,0.901960784313726,0.930905695611565,55,15,31,9,5,4,0,5,0,2
2025-09-30,2025,9,3,273,88,52,140,132,17,149,139,2.6,60.0,6.6,160.1,3.0,62.0,3.0,71.0,21,63,30,25,0,114,25,139,72,38,25,4,34,13,0,0,600,0.74,0.71,0.95,0.93,143,145,100,17,9,153,0.947712418300654,0.921568627450971,60,21,25,7,5,5,6,0,1,1
2025-10-01,2025,10,4,274,90,39,129,113,15,128,132,2.6,59.0,4.5,109.8,3.0,61.0,2.5,66.5,16,59,31,26,0,121,11,132,71,35,26,0,32,15,0,0,590,0.84,0.84,0.96,0.94,138,140,102,11,8,153,0.915032679738562,0.910364145658264,47,26,30,7,3,1,6,4,0,0
2025-10-02,2025,10,5,275,95,29,124,131,9,140,131,2.7,59.1,4.9,119.1,3.0,60.0,3.0,84.0,9,67,25,30,0,120,11,131,72,28,30,1,31,12,0,0,592,0.73,0.72,0.93,0.94,142,143,102,13,11,153,0.934640522875817,0.910364145658264,54,22,25,10,2,4,2,6,0,0
2025-10-03,2025,10,6,276,97,42,139,130,26,156,132,2.5,59.9,4.6,110.0,3.0,63.0,3.0,78.0,15,57,28,32,0,122,10,132,69,31,32,0,36,16,0,0,567,0.69,0.72,0.89,0.94,142,142,99,14,9,153,0.928104575163399,0.909430438842199,48,22,28,12,4,7,1,5,0,1
2025-10-04,2025,10,7,277,69,37,106,87,14,101,102,2.6,56.0,6.4,153.8,3.0,59.0,4.0,94.5,13,55,17,17,0,98,4,102,62,21,17,2,33,10,0,0,569,0.71,0.72,0.88,0.93,148,148,102,13,12,153,0.967320261437909,0.922502334267035,35,25,18,3,1,5,6,5,1,0
2025-10-05,2025,10,1,278,50,46,96,56,5,61,96,2.6,60.1,4.0,100.1,3.0,60.0,3.0,71.5,19,37,15,25,0,87,9,96,52,18,25,1,23,8,0,1,602,0.76,0.72,0.92,0.93,142,142,93,14,13,153,0.928104575163399,0.931839402427629,38,20,13,6,1,9,0,4,0,1
2025-10-06,2025,10,2,279,94,55,149,115,17,132,151,2.6,57.7,4.5,108.5,3.0,59.0,3.0,70.0,21,68,29,33,0,138,13,151,82,34,33,2,36,19,0,0,624,0.79,0.73,0.96,0.93,143,146,94,14,14,153,0.954248366013072,0.939309056956111,72,25,28,4,1,4,1,5,0,2
2025-10-07,2025,10,3,280,85,55,140,111,22,133,141,2.6,61.5,4.6,112.9,3.0,63.0,3.0,70.0,15,58,38,30,0,126,15,141,72,38,30,1,28,18,0,0,631,0.8,0.74,0.95,0.93,148,151,97,16,14,153,0.986928104575163,0.944911297852481,58,32,26,6,4,4,4,3,0,1
2025-10-08,2025,10,4,281,79,44,123,109,14,123,127,2.6,59.6,4.4,106.6,3.0,60.0,3.0,67.0,16,59,31,21,0,113,14,127,75,31,21,0,27,13,0,0,638,0.79,0.75,0.97,0.93,155,158,96,18,17,153,1.03267973856209,0.961718020541558,48,27,30,4,2,4,2,3,1,1
2025-10-09,2025,10,5,282,85,32,117,126,20,146,118,2.5,60.5,5.0,122.3,3.0,64.0,4.0,93.5,13,56,27,22,0,111,7,118,67,27,22,2,34,10,0,2,608,0.76,0.76,0.94,0.93,158,158,99,21,15,153,1.03267973856209,0.975723622782458,47,28,19,4,5,3,3,0,1,0
2025-10-10,2025,10,6,283,72,47,119,118,10,128,111,2.5,59.8,5.1,124.0,3.0,63.0,4.0,88.0,14,47,23,27,0,101,10,111,55,29,27,0,29,12,0,0,589,0.73,0.76,0.91,0.93,156,156,101,18,14,153,1.01960784313725,0.988795518207293,50,19,21,8,2,2,1,1,0,2
2025-10-11,2025,10,7,284,70,36,106,83,14,97,110,2.5,59.9,5.1,125.3,3.0,61.5,4.0,92.5,17,57,15,21,0,105,5,110,67,20,21,2,25,11,0,1,602,0.76,0.77,0.93,0.94,146,147,96,16,14,153,0.96078431372549,0.987861811391245,47,26,14,7,3,3,4,1,2,0
2025-10-12,2025,10,1,285,72,48,120,66,9,75,116,2.5,59.9,5.2,125.7,3.0,61.0,3.0,73.0,18,49,22,27,0,105,11,116,58,27,27,4,31,12,0,0,642,0.86,0.78,0.95,0.94,141,144,90,18,14,153,0.941176470588235,0.989729225023374,43,21,30,7,5,3,1,2,0,0
2025-10-13,2025,10,2,286,98,31,129,96,20,116,138,2.6,57.8,5.1,123.5,3.0,61.0,3.0,74.0,20,67,29,22,0,128,10,138,84,30,22,2,39,19,0,2,669,0.87,0.8,1.02,0.95,144,144,93,22,11,153,0.941176470588235,0.987861811391261,56,23,28,3,2,7,6,3,2,1
2025-10-14,2025,10,3,287,60,45,105,135,18,153,95,2.5,59.4,4.4,107.5,2.0,63.0,3.0,65.0,11,48,22,14,0,86,9,95,54,23,14,4,24,13,0,1,609,0.8,0.8,0.96,0.95,141,142,93,20,11,153,0.928104575163399,0.979458450046715,31,26,16,5,1,4,1,2,0,1
2025-10-15,2025,10,4,288,105,57,162,117,18,135,162,2.5,59.7,5.5,134.3,3.0,62.0,3.0,80.5,25,62,39,36,0,149,13,162,76,47,36,3,33,20,0,0,637,0.86,0.81,0.96,0.95,136,137,93,18,8,153,0.895424836601307,0.959850606909445,61,36,28,11,4,6,5,4,1,1
2025-10-16,2025,10,5,289,72,36,108,112,10,122,117,2.5,58.4,5.5,135.1,2.0,61.0,4.0,101.0,18,47,27,25,0,109,8,117,57,32,25,3,26,15,0,2,634,0.87,0.82,0.94,0.95,144,145,94,18,13,153,0.947712418300654,0.947712418300658,38,34,16,8,2,5,5,4,1,0
2025-10-17,2025,10,6,290,95,42,137,135,23,158,130,2.4,58.3,5.5,132.2,2.0,60.0,3.5,88.5,18,66,24,22,0,124,6,130,80,27,22,1,31,13,0,1,603,0.81,0.83,0.91,0.95,146,148,99,18,9,153,0.967320261437909,0.940242763772176,41,34,21,6,0,4,3,8,0,2
2025-10-18,2025,10,7,291,63,42,105,82,9,91,111,2.5,55.4,3.9,95.2,3.0,58.0,3.0,80.0,20,54,21,16,0,102,9,111,65,25,16,5,30,16,0,1,621,0.87,0.85,0.95,0.96,132,135,91,16,7,153,0.882352941176471,0.929038281979453,54,19,18,3,2,6,6,1,0,0
2025-10-19,2025,10,1,292,76,43,119,71,9,80,115,2.5,59.1,4.2,102.5,3.0,61.0,3.0,77.0,15,52,24,24,0,106,9,115,61,29,24,1,27,17,0,0,655,0.91,0.86,0.99,0.96,129,129,87,17,9,153,0.843137254901961,0.915032679738553,61,16,12,7,2,3,2,4,1,1
2025-10-20,2025,10,2,293,96,49,145,117,14,131,150,2.5,63.1,4.8,117.4,3.0,66.0,3.0,81.5,21,63,34,32,0,136,14,150,81,36,32,1,30,17,0,1,676,0.94,0.87,1.0,0.96,129,130,85,18,9,153,0.849673202614379,0.901960784313701,60,25,32,8,9,2,3,3,1,0
2025-10-21,2025,10,3,294,85,37,122,107,21,128,124,2.6,61.9,5.0,121.3,3.0,65.0,3.0,72.0,20,51,24,29,0,118,6,124,62,31,29,2,29,14,0,1,670,0.95,0.89,1.05,0.96,136,136,88,16,11,153,0.888888888888889,0.896358543417348,63,24,19,6,1,2,4,1,0,0
2025-10-22,2025,10,4,295,83,51,134,131,17,148,123,2.5,61.4,3.9,94.8,3.0,63.0,2.0,56.0,13,50,34,26,0,113,10,123,61,35,26,1,23,15,0,0,649,0.94,0.9,0.99,0.96,147,148,91,19,12,153,0.967320261437909,0.906629318394006,58,27,11,6,1,7,3,3,2,0
2025-10-23,2025,10,5,296,81,40,121,135,19,154,129,2.7,58.6,4.9,119.4,3.0,60.0,4.0,91.0,17,52,35,25,0,118,11,129,65,39,25,0,27,21,0,0,621,0.9,0.9,1.0,0.95,143,143,89,22,10,153,0.934640522875817,0.904761904761894,50,26,22,9,6,5,5,3,0,1
2025-10-24,2025,10,6,297,100,52,152,142,15,157,149,2.5,59.1,4.5,108.4,3.0,59.0,3.0,74.0,29,63,31,26,0,137,12,149,84,37,26,2,41,21,0,0,615,0.87,0.91,0.96,0.97,148,148,95,21,11,153,0.967320261437909,0.904761904761894,64,18,34,9,5,6,4,5,0,1
2025-10-25,2025,10,7,298,64,42,106,92,12,104,107,2.6,60.1,3.8,92.1,3.0,60.0,3.0,66.0,14,47,26,20,0,98,9,107,60,27,20,0,22,13,0,0,617,0.86,0.91,0.96,0.98,143,146,96,15,11,153,0.954248366013072,0.915032679738553,46,21,16,4,4,0,8,4,0,0
2025-10-26,2025,10,1,299,83,42,125,76,6,82,127,2.5,57.5,5.0,120.6,2.0,60.0,3.0,79.0,19,70,17,21,0,121,6,127,80,25,21,1,30,11,0,0,661,0.89,0.91,1.03,0.99,149,150,99,16,11,153,0.980392156862745,0.934640522875806,55,15,20,8,5,1,6,5,1,0
2025-10-27,2025,10,2,300,80,44,124,111,13,124,121,2.4,59.1,5.1,124.3,2.0,62.0,3.0,85.0,16,61,22,22,0,117,4,121,64,33,22,2,30,20,0,2,658,0.9,0.9,1.03,0.98,153,153,95,21,10,153,1.0,0.956115779645188,55,23,18,4,2,5,0,7,2,1
2025-10-28,2025,10,3,301,83,36,119,114,18,132,126,2.5,57.4,5.0,121.2,3.0,58.5,3.0,85.0,23,54,19,30,0,116,10,126,67,27,30,2,34,15,0,1,652,0.89,0.89,1.0,0.97,155,156,103,17,10,153,1.01960784313725,0.974789915966377,56,22,18,5,4,6,4,6,1,0
2025-10-29,2025,10,4,302,95,35,130,112,17,129,124,2.5,62.6,4.2,102.0,3.0,64.5,3.0,70.5,14,58,30,22,0,117,7,124,68,32,22,2,31,16,0,1,648,0.88,0.88,1.0,0.97,159,160,101,20,14,153,1.04575163398693,0.9859943977591,47,27,26,6,2,4,1,3,0,2
2025-10-30,2025,10,5,303,88,41,129,116,22,138,132,2.5,58.9,4.0,97.3,2.0,60.0,3.0,71.5,19,62,27,24,0,117,15,132,75,31,24,2,22,21,0,0,641,0.87,0.88,1.0,0.99,155,156,100,21,10,153,1.01960784313725,0.998132586367871,54,22,20,7,6,6,5,2,0,0
2025-10-31,2025,10,6,304,65,33,98,139,12,151,94,2.5,62.5,4.7,113.0,3.0,64.0,4.0,91.0,12,42,17,23,0,89,5,94,49,21,23,1,19,15,0,0,584,0.78,0.87,0.9,0.98,153,153,99,20,10,153,1.0,1.00280112044818,36,19,19,3,3,4,4,4,0,1
2025-11-01,2025,11,7,305,74,37,111,80,12,92,113,2.5,59.5,5.2,126.3,3.0,63.0,3.0,75.0,16,59,18,20,0,106,7,113,66,24,20,3,35,16,0,2,605,0.83,0.86,0.92,0.98,143,145,93,19,11,153,0.947712418300654,1.00186741363211,51,18,24,7,2,4,3,2,1,0
2025-11-02,2025,11,1,306,74,46,120,78,7,85,117,2.5,58.4,4.9,119.6,2.0,61.0,3.0,76.5,20,59,21,17,0,111,6,117,68,30,17,2,30,19,0,2,636,0.85,0.86,0.98,0.97,142,143,90,16,12,153,0.934640522875817,0.995331465919695,49,19,22,6,1,6,5,4,0,1
2025-11-03,2025,11,2,307,83,51,134,107,20,127,134,2.6,61.3,4.9,119.1,3.0,65.0,3.0,71.5,15,65,25,29,0,125,9,134,75,27,29,3,29,17,0,0,647,0.87,0.85,1.0,0.97,147,151,96,19,11,153,0.986928104575163,0.993464052287582,60,13,26,10,2,10,6,3,0,0
2025-11-04,2025,11,3,308,93,51,144,133,14,147,148,2.6,57.6,4.9,119.8,3.0,60.0,3.0,67.0,23,71,27,27,0,131,17,148,85,35,27,1,36,19,0,0,645,0.88,0.85,0.99,0.97,153,154,101,19,13,153,1.00653594771242,0.99159663865547,61,34,23,7,3,5,3,4,1,0
2025-11-05,2025,11,4,309,92,49,141,135,18,153,136,2.5,61.4,5.1,124.8,3.0,62.0,3.0,73.5,6,68,36,26,0,124,12,136,71,38,26,1,31,25,0,1,629,0.86,0.85,0.96,0.96,156,156,100,19,16,153,1.01960784313725,0.987861811391229,56,33,21,7,4,3,4,2,0,1
2025-11-06,2025,11,5,310,91,35,126,132,19,151,132,2.6,60.4,4.7,112.8,3.0,62.0,3.0,68.0,20,65,26,21,0,124,8,132,82,27,21,2,32,13,0,1,610,0.84,0.85,0.94,0.95,149,150,95,21,13,153,0.980392156862745,0.982259570494875,54,27,19,6,6,2,2,3,1,2
2025-11-07,2025,11,6,311,82,55,137,124,13,137,127,2.5,59.0,5.3,129.8,2.0,60.0,4.0,87.5,18,63,19,27,0,121,6,127,71,29,27,0,37,13,0,0,599,0.79,0.85,0.94,0.96,155,155,101,21,12,153,1.01307189542484,0.984126984126988,70,10,13,7,2,8,3,5,1,1
2025-11-08,2025,11,7,312,67,45,112,92,14,106,115,2.4,58.1,5.0,121.5,2.0,59.0,4.0,96.0,13,57,21,24,0,110,5,115,62,28,24,1,33,19,0,1,608,0.8,0.84,0.94,0.96,158,158,107,19,11,153,1.03267973856209,0.996265172735775,44,30,13,8,0,5,6,7,0,0
2025-11-09,2025,11,1,313,64,48,112,78,5,83,113,2.5,55.7,4.9,118.0,3.0,56.0,3.0,75.0,13,58,25,17,0,108,5,113,66,29,17,1,37,13,0,1,638,0.85,0.84,0.97,0.96,157,158,108,15,15,153,1.03267973856209,1.01027077497668,43,25,19,4,2,5,7,3,0,1
2025-11-10,2025,11,2,314,94,40,134,95,9,104,139,2.6,55.7,4.4,106.1,3.0,55.0,3.0,70.5,18,71,23,27,0,130,9,139,79,30,27,3,34,12,0,3,672,0.92,0.85,1.02,0.96,161,164,112,16,14,153,1.0718954248366,1.02240896358545,58,25,24,5,8,4,5,3,0,1
2025-11-11,2025,11,3,315,81,34,115,123,14,137,116,2.5,61.3,5.5,134.9,3.0,62.5,3.0,78.5,11,57,25,23,0,109,7,116,68,22,23,3,30,11,0,1,652,0.9,0.85,1.01,0.96,174,175,118,19,13,153,1.1437908496732,1.0420168067227,53,29,11,5,3,4,3,3,0,1
2025-11-12,2025,11,4,316,105,36,141,130,19,149,138,2.4,59.3,5.4,130.5,2.0,63.0,3.0,73.5,17,60,29,32,0,131,7,138,70,34,32,2,25,20,0,1,642,0.9,0.86,0.99,0.97,172,174,119,18,10,153,1.13725490196078,1.05882352941178,44,36,17,10,4,6,6,3,3,1
2025-11-13,2025,11,5,317,88,43,131,121,15,136,127,2.5,59.9,3.7,89.6,3.0,64.0,3.0,74.0,18,57,27,25,0,119,8,127,72,29,25,1,30,20,0,0,633,0.92,0.87,0.96,0.97,164,167,112,18,8,153,1.09150326797386,1.07469654528479,41,38,22,8,6,4,2,1,0,2
2025-11-14,2025,11,6,318,82,38,120,130,18,148,125,2.6,58.9,3.8,93.6,3.0,62.0,3.0,82.5,16,59,24,26,0,114,11,125,72,25,26,2,27,16,0,2,609,0.87,0.88,0.92,0.97,168,172,114,18,8,153,1.12418300653595,1.09056956115782,44,24,21,7,6,2,3,5,1,1
2025-11-15,2025,11,7,319,76,44,120,77,13,90,115,2.6,59.7,6.0,145.7,3.0,62.0,3.0,74.0,16,57,19,23,0,106,9,115,64,26,23,2,16,11,0,2,635,0.9,0.89,0.98,0.98,157,157,109,16,8,153,1.02614379084967,1.08963585434175,48,25,19,5,2,2,4,3,1,0
2025-11-16,2025,11,1,320,65,47,112,78,8,86,115,2.5,56.9,4.8,117.0,3.0,60.0,3.0,81.0,17,54,24,20,0,108,7,115,64,28,20,3,28,14,0,2,665,0.94,0.91,1.01,0.98,157,157,110,14,10,153,1.02614379084967,1.08870214752569,44,27,17,7,3,2,2,6,0,0
2025-11-17,2025,11,2,321,81,56,137,106,17,123,130,2.6,62.0,5.0,122.9,3.0,64.0,3.0,78.5,19,48,28,35,0,122,8,130,59,35,35,1,19,18,0,0,672,0.96,0.91,1.0,0.98,158,158,110,14,8,153,1.03267973856209,1.08309990662933,55,26,27,9,2,2,0,3,1,0
2025-11-18,2025,11,3,322,87,49,136,104,20,124,140,2.5,59.5,4.8,117.9,2.5,61.0,3.0,74.0,17,69,31,23,0,133,7,140,81,30,23,6,34,14,0,1,687,0.99,0.92,1.02,0.98,159,165,113,14,8,153,1.07843137254902,1.07376283846874,57,21,24,5,3,7,6,8,0,1
2025-11-19,2025,11,4,323,80,44,124,133,14,147,126,2.6,59.7,4.1,99.4,3.0,63.0,3.0,70.0,16,54,30,26,0,120,6,126,60,39,26,1,30,20,0,1,666,0.96,0.93,0.99,0.98,157,157,110,16,12,153,1.02614379084967,1.05788982259573,53,23,24,10,4,0,1,5,1,2
2025-11-20,2025,11,5,324,69,44,113,119,26,145,109,2.4,61.1,4.7,113.8,2.0,64.0,4.0,98.0,16,48,24,21,0,99,10,109,61,26,21,1,29,11,0,0,633,0.89,0.93,0.95,0.98,159,161,112,17,12,153,1.05228758169935,1.05228758169937,43,28,16,4,3,5,4,0,0,1
2025-11-21,2025,11,6,325,99,57,156,115,25,140,145,2.5,59.8,5.3,128.5,3.0,63.0,4.0,92.0,18,58,35,34,0,128,17,145,75,35,34,1,36,11,0,0,634,0.89,0.93,0.93,0.98,169,169,116,18,15,153,1.10457516339869,1.0494864612512,57,23,36,5,1,5,6,2,2,1
2025-11-22,2025,11,7,326,68,45,113,90,9,99,127,2.5,57.2,5.3,131.4,3.0,58.0,3.5,89.0,18,61,25,23,0,124,3,127,72,29,23,3,33,11,0,1,664,0.92,0.94,1.0,0.98,165,169,116,18,12,153,1.10457516339869,1.06069094304392,58,22,24,3,3,4,3,6,0,0
2025-11-23,2025,11,1,327,63,37,100,69,8,77,100,2.5,59.5,6.4,155.3,2.0,58.5,3.0,72.0,17,47,18,18,0,91,9,100,57,23,18,2,23,14,0,1,686,0.96,0.94,1.03,0.98,157,159,110,19,9,153,1.03921568627451,1.06255835667603,43,8,21,8,3,7,3,1,0,1
2025-11-24,2025,11,2,328,76,40,116,109,18,127,119,2.5,60.8,4.4,108.2,2.0,63.0,3.0,68.0,17,41,38,23,0,111,8,119,55,37,23,4,18,17,0,2,680,0.98,0.94,1.05,0.99,162,165,111,22,10,153,1.07843137254902,1.06909430438845,46,25,19,3,4,3,5,6,0,1
2025-11-25,2025,11,3,329,78,44,122,134,20,154,122,2.5,59.2,4.5,110.4,3.0,60.5,3.0,72.0,12,59,29,22,0,114,8,122,68,28,22,4,32,14,0,1,646,0.92,0.93,0.99,0.98,171,173,115,21,9,153,1.13071895424837,1.07656395891692,51,22,18,7,3,9,1,6,0,0
2025-11-26,2025,11,4,330,74,43,117,145,29,174,119,2.5,58.9,4.8,118.2,3.0,60.0,3.0,85.0,17,53,25,24,0,109,10,119,64,31,24,0,28,17,0,0,567,0.83,0.93,0.9,0.97,163,165,115,17,7,153,1.07843137254902,1.0840336134454,64,19,17,4,2,4,5,3,0,0
2025-11-27,2025,11,5,331,51,43,94,93,9,102,87,2.7,59.2,4.8,117.1,3.0,60.0,4.0,86.0,12,44,14,17,0,80,7,87,54,15,17,1,26,8,0,0,576,0.84,0.91,0.96,0.96,160,161,110,18,9,153,1.05228758169935,1.0840336134454,29,15,17,7,2,5,1,7,1,0
2025-11-28,2025,11,6,332,70,47,117,71,7,78,114,2.5,57.9,4.8,118.0,3.0,59.5,3.5,87.5,17,57,14,26,0,106,8,114,64,23,26,1,32,10,0,0,610,0.85,0.9,0.94,0.96,166,168,113,17,12,153,1.09803921568627,1.08309990662933,51,21,8,8,5,4,5,3,0,4
2025-11-29,2025,11,7,333,66,49,115,76,9,85,115,2.6,58.0,4.2,103.3,3.0,61.0,3.0,78.0,12,55,21,27,0,110,5,115,60,23,27,5,28,15,0,3,641,0.92,0.9,0.97,0.96,164,164,115,18,11,153,1.0718954248366,1.07843137254903,48,21,24,7,1,4,2,3,1,2
2025-11-30,2025,11,1,334,69,40,109,73,8,81,117,2.4,58.9,4.6,113.7,2.0,62.0,3.0,77.5,18,59,19,21,0,110,7,117,74,21,21,1,41,10,0,0,677,0.96,0.9,1.03,0.95,155,156,112,14,12,153,1.01960784313725,1.07563025210085,47,18,29,4,3,4,4,5,0,0
2025-12-01,2025,12,2,335,91,53,144,107,19,126,142,2.5,61.5,4.6,112.1,2.0,63.5,3.0,72.5,20,56,31,35,0,131,11,142,58,42,35,7,29,24,0,3,695,0.99,0.9,1.04,0.96,154,154,110,16,13,153,1.00653594771242,1.06535947712419,57,16,33,6,7,4,2,5,1,3
2025-12-02,2025,12,3,336,83,50,133,118,26,144,130,2.5,59.0,4.8,117.2,3.0,60.5,3.0,75.0,15,53,36,26,0,119,11,130,61,39,26,4,24,17,0,0,680,0.99,0.92,1.04,0.96,166,166,113,17,14,153,1.08496732026144,1.05882352941178,45,27,29,7,5,4,4,4,1,0
2025-12-03,2025,12,4,337,85,42,127,123,18,141,130,2.5,59.3,4.6,112.3,3.0,62.0,3.0,70.0,13,63,35,19,0,123,7,130,72,39,19,0,37,21,0,0,668,0.94,0.93,1.01,0.98,163,164,111,18,14,153,1.0718954248366,1.05788982259571,51,19,25,5,4,7,3,5,1,2
2025-12-04,2025,12,5,338,84,35,119,133,15,148,127,2.6,61.6,5.0,122.6,3.0,62.0,4.0,97.0,18,61,29,19,0,117,10,127,72,30,19,6,33,16,0,1,647,0.94,0.94,1.0,0.99,162,162,109,20,13,153,1.05882352941176,1.05882352941176,38,25,29,8,3,3,3,7,1,1
2025-12-05,2025,12,6,339,89,53,142,139,9,148,127,2.5,60.8,5.5,131.4,3.0,62.0,4.0,101.0,11,56,30,30,0,116,11,127,68,28,30,1,31,15,0,0,627,0.91,0.95,0.96,0.99,148,148,101,18,11,153,0.967320261437909,1.04014939309055,51,24,21,6,7,3,4,6,0,1
2025-12-06,2025,12,7,340,69,38,107,92,9,101,115,2.6,58.7,4.2,102.7,3.0,62.0,3.0,74.0,16,49,23,27,0,101,14,115,60,28,27,0,25,14,0,0,643,0.93,0.95,0.95,0.99,136,136,99,17,6,153,0.888888888888889,1.01400560224088,45,15,30,5,3,2,3,4,0,1
2025-12-07,2025,12,1,341,80,49,129,78,5,83,129,2.5,58.7,3.8,94.0,3.0,60.0,3.0,67.0,20,61,25,23,0,119,10,129,72,30,23,4,35,13,0,0,687,0.99,0.96,1.05,0.99,140,141,102,16,5,153,0.92156862745098,0.999999999999984,53,18,38,3,4,4,2,3,0,0
2025-12-08,2025,12,2,342,98,44,142,108,15,123,144,2.5,63.7,5.2,124.2,2.0,66.0,4.0,87.0,24,63,29,28,0,131,13,144,81,31,28,4,35,14,0,3,710,1.03,0.96,1.07,0.99,154,157,110,19,10,153,1.02614379084967,1.00280112044816,72,15,26,5,2,3,3,7,1,1
2025-12-09,2025,12,3,343,85,46,131,135,14,149,123,2.5,58.9,4.1,99.6,3.0,61.0,3.0,70.0,21,63,20,19,0,116,7,123,75,24,19,5,29,9,0,3,680,0.97,0.96,1.02,0.99,158,159,113,17,13,153,1.03921568627451,0.996265172735743,57,24,19,5,6,2,3,1,0,1
2025-12-10,2025,12,4,344,92,31,123,118,26,144,133,2.5,60.6,4.1,100.6,2.0,62.0,3.0,65.0,23,49,31,30,0,117,16,133,65,36,30,2,31,15,0,2,673,0.94,0.96,1.0,0.99,159,162,111,19,17,153,1.05882352941176,0.994397759103614,69,15,27,4,3,5,5,1,0,2
2025-12-11,2025,12,5,345,84,47,131,132,16,148,121,2.5,59.5,4.6,111.6,3.0,60.0,4.0,93.0,17,59,19,26,0,104,17,121,74,19,26,2,34,9,0,1,644,0.87,0.95,0.97,0.99,147,152,104,19,14,153,0.993464052287582,0.98506069094302,49,18,22,9,6,6,2,3,0,0
2025-12-12,2025,12,6,346,77,43,120,123,24,147,126,2.6,55.9,4.7,115.3,3.0,57.5,3.0,84.0,18,62,29,17,0,116,10,126,70,39,17,0,29,15,0,0,625,0.84,0.94,0.94,0.99,147,149,104,19,10,153,0.973856209150327,0.985994397759084,61,20,16,5,6,5,1,5,1,1
2025-12-13,2025,12,7,347,79,31,110,97,13,110,110,2.6,59.2,3.9,94.8,3.0,61.5,3.0,74.0,15,54,19,22,0,104,6,110,58,27,22,3,21,12,0,1,622,0.87,0.93,0.96,0.98,153,154,107,17,13,153,1.00653594771242,1.00280112044816,44,24,20,4,5,3,4,2,0,1
2025-12-14,2025,12,1,348,52,44,96,59,7,66,93,2.6,55.7,4.3,104.2,3.0,58.0,3.0,72.0,21,42,17,13,0,86,7,93,58,19,13,3,24,4,0,1,650,0.9,0.92,0.98,0.98,141,142,97,16,13,153,0.928104575163399,1.00373482726422,43,18,13,5,3,2,3,3,0,0
2025-12-15,2025,12,2,349,94,32,126,114,14,128,133,2.5,60.1,4.3,104.9,3.0,60.0,3.0,81.5,12,64,31,26,0,125,8,133,67,36,26,4,32,16,0,1,653,0.9,0.9,1.0,0.97,154,155,108,14,16,153,1.01307189542484,1.0018674136321,69,15,21,7,5,6,1,1,3,0
2025-12-16,2025,12,3,350,91,51,142,112,16,128,132,2.5,58.9,4.1,99.6,2.0,61.0,3.0,66.0,20,57,24,31,0,124,8,132,70,30,31,1,34,16,0,0,657,0.88,0.89,1.0,0.97,146,146,105,15,12,153,0.954248366013072,0.989729225023325,68,12,17,7,9,3,2,4,0,4
2025-12-17,2025,12,4,351,86,44,130,120,11,131,134,2.5,62.9,5.1,125.9,3.0,65.5,4.0,106.0,16,61,32,25,0,121,13,134,74,32,25,3,30,18,0,0,661,0.89,0.88,1.02,0.97,156,156,108,20,14,153,1.01960784313725,0.984126984126972,61,15,24,7,8,6,3,1,1,2
2025-12-18,2025,12,5,352,80,36,116,118,23,141,119,2.5,60.3,3.9,94.8,3.0,64.0,3.0,80.0,13,57,20,29,0,109,10,119,66,22,29,2,27,12,0,1,641,0.88,0.88,0.99,0.97,155,160,102,23,15,153,1.04575163398693,0.991596638655454,63,15,19,8,1,4,3,2,0,1
2025-12-19,2025,12,6,353,83,37,120,114,27,141,120,2.5,59.3,4.9,117.9,2.0,61.0,3.0,77.0,19,47,22,32,0,109,11,120,61,25,32,2,34,18,0,2,618,0.86,0.88,0.95,0.97,140,144,99,17,13,153,0.941176470588235,0.986928104575164,57,20,17,10,3,3,3,5,0,0
2025-12-20,2025,12,7,354,68,41,109,67,4,71,110,2.6,60.7,4.1,99.5,3.0,63.0,3.0,74.0,15,48,29,18,0,93,17,110,54,36,18,2,30,16,0,1,656,0.94,0.89,0.98,0.98,132,133,91,15,12,153,0.869281045751634,0.967320261437911,40,22,26,3,3,5,5,3,0,0
2025-12-21,2025,12,1,355,82,42,124,81,4,85,123,2.5,59.5,4.2,101.1,2.0,61.0,3.0,65.5,17,54,30,22,0,114,9,123,63,37,22,1,27,20,0,0,694,0.96,0.9,1.07,0.99,137,137,99,13,12,153,0.895424836601307,0.962651727357606,60,19,20,6,2,6,5,1,1,0
2025-12-22,2025,12,2,356,82,51,133,113,20,133,130,2.5,61.5,3.6,85.8,3.0,65.0,2.0,62.0,20,52,21,37,0,117,13,130,67,20,37,6,26,8,0,3,696,0.99,0.92,1.02,1.0,138,141,94,17,12,153,0.92156862745098,0.94957983193277,47,28,30,5,6,3,3,4,0,2
2025-12-23,2025,12,3,357,67,26,93,165,23,188,102,2.4,58.0,3.9,94.2,2.0,59.5,3.0,71.0,17,47,22,16,0,95,7,102,61,25,16,0,30,11,0,0,607,0.84,0.91,0.91,0.98,136,137,94,17,11,153,0.895424836601307,0.941176470588224,49,3,29,4,2,3,4,5,0,0
2025-12-24,2025,12,4,358,56,41,97,124,15,139,89,2.6,62.0,4.2,103.0,3.0,64.0,3.5,87.0,10,45,14,20,0,84,5,89,54,15,20,0,20,7,0,0,557,0.78,0.89,0.84,0.96,133,137,95,14,14,153,0.895424836601307,0.923436041083083,25,25,18,9,2,1,2,3,0,1
2025-12-25,2025,12,5,359,57,31,88,60,4,64,95,2.6,58.1,3.3,81.3,3.0,59.0,3.0,63.0,11,48,18,18,0,83,12,95,52,22,18,3,26,10,0,2,587,0.82,0.89,0.87,0.94,121,125,90,13,11,153,0.816993464052288,0.890756302520994,42,15,14,7,2,2,1,4,1,1
2025-12-26,2025,12,6,360,82,28,110,109,6,115,105,2.5,61.3,4.2,100.9,3.0,64.0,4.0,89.0,16,50,20,19,0,91,14,105,57,25,19,4,33,19,0,2,577,0.82,0.88,0.87,0.93,123,125,92,13,10,153,0.816993464052288,0.873015873015853,53,14,14,9,3,5,0,4,0,1
2025-12-27,2025,12,7,361,75,51,126,77,5,82,121,2.5,57.2,3.6,86.2,2.0,58.0,3.0,72.5,17,63,21,20,0,115,6,121,73,26,20,2,33,14,0,0,616,0.87,0.87,0.93,0.93,122,122,91,12,12,153,0.797385620915033,0.862745098039194,55,19,15,7,4,4,3,5,1,2
2025-12-28,2025,12,1,362,73,50,123,56,5,61,123,2.4,60.2,2.9,72.5,2.0,62.0,2.0,58.0,13,55,30,25,0,111,12,123,62,35,25,1,28,22,0,0,680,0.95,0.87,1.02,0.92,125,126,89,15,14,153,0.823529411764706,0.852474323062552,62,14,22,5,3,2,4,6,1,1
2025-12-29,2025,12,2,363,99,56,155,113,21,134,153,2.5,60.9,2.9,72.1,2.0,61.0,2.0,53.0,19,62,36,36,0,143,10,153,79,36,37,1,33,12,1,0,698,0.96,0.86,1.05,0.93,121,121,87,12,13,153,0.790849673202614,0.833800186741363,70,21,33,5,4,5,1,3,0,4
2025-12-30,2025,12,3,364,93,37,130,130,19,149,135,2.6,61.5,3.0,73.1,3.0,61.0,3.0,63.0,21,58,31,25,0,125,10,135,74,36,25,0,25,20,0,0,670,1.0,0.91,1.03,0.94,131,133,90,16,13,153,0.869281045751634,0.830065359477138,62,27,21,3,0,8,2,2,1,2
2025-12-31,2025,12,4,365,90,44,134,141,18,159,132,2.5,61.5,2.8,69.7,2.0,65.0,3.0,66.0,20,54,35,23,0,126,6,132,71,37,23,1,27,16,0,0,655,0.91,0.89,0.97,0.96,128,129,84,15,14,153,0.843137254901961,0.822595704948672,58,18,29,5,1,6,3,4,1,1
2026-01-01,2026,1,5,1,75,49,124,84,6,90,122,2.4,57.7,2.4,58.4,2.0,60.0,2.0,47.5,13,62,27,20,0,116,6,122,73,27,20,2,37,17,0,0,687,0.95,0.91,1.03,0.98,111,112,78,9,13,153,0.73202614379085,0.810457516339901,46,31,26,0,0,5,2,5,0,1
2026-01-02,2026,1,6,2,80,45,125,113,20,133,131,2.5,62.5,2.3,58.5,2.0,65.0,2.0,60.0,15,60,32,24,0,120,11,131,76,31,24,0,38,14,0,0,688,0.93,0.93,1.04,1.01,106,107,75,10,10,153,0.699346405228758,0.793650793650824,55,33,20,0,2,8,4,5,1,1
2026-01-03,2026,1,7,3,85,48,133,96,7,103,130,2.6,60.9,1.8,46.5,3.0,62.5,2.0,46.0,17,61,27,25,0,120,10,130,68,33,25,4,29,21,0,3,714,0.98,0.95,1.08,1.03,92,92,58,13,8,153,0.601307189542484,0.765639589169025,53,30,29,0,2,5,2,2,0,3
2026-01-04,2026,1,1,4,72,39,111,73,8,81,113,2.5,62.9,1.3,33.4,3.0,65.0,1.0,34.0,21,44,22,26,0,102,11,113,58,26,26,3,21,15,0,2,745,1.02,0.96,1.12,1.04,74,74,47,10,7,153,0.483660130718954,0.717086834733907,55,25,18,2,4,3,2,2,0,1
2026-01-05,2026,1,2,5,75,39,114,115,19,134,119,2.6,62.3,0.9,23.6,3.0,64.0,1.0,23.0,16,51,35,17,0,110,9,119,60,37,17,5,24,16,0,0,731,1.02,0.97,1.13,1.04,49,49,34,6,3,153,0.320261437908497,0.649859943977601,54,26,9,2,7,7,3,2,2,2
2026-01-06,2026,1,3,6,88,13,101,125,15,140,115,2.5,63.3,0.0,6.0,3.0,65.0,0.0,6.0,15,51,24,25,0,108,7,115,55,24,25,11,19,7,0,1,704,1.06,0.98,1.17,1.04,30,30,23,2,1,153,0.196078431372549,0.553688141923447,52,27,16,2,1,1,7,5,0,2
